{"val_loss": [0.2502728153900667, 0.14729464574293658, 0.12964185592803087, 0.1151533806053075, 0.12778831914067268, 0.10854045086286285, 0.10677272059700706, 0.10776940174400806, 0.10326427700844679, 0.09159679639068517, 0.11145681042562831, 0.10818794484842907, 0.09355498690496791, 0.09801803419535811, 0.1810592368037694], "val_acc": [0.9134545343572443, 0.9472727240215648, 0.9516363620758057, 0.9581818157976324, 0.9501818162744695, 0.9596363613822243, 0.960727275501598, 0.9581818207827482, 0.9589090856638822, 0.9658181797374379, 0.955999996878884, 0.9589090904322537, 0.9629090898687189, 0.9607272729006681, 0.9479999949715354], "loss": [0.4316151938891962, 0.20360992186173682, 0.1622361811237041, 0.14181471947379468, 0.12838497524243087, 0.12063419730773622, 0.11784396964127729, 0.10341697306896543, 0.09655375635026353, 0.09132908003112651, 0.0833171074563556, 0.08194149611158665, 0.07386030846665635, 0.07427364957439869, 0.06574649595509457], "acc": [0.801349618441035, 0.9266709407987815, 0.9408097628762605, 0.9471079622871772, 0.9521208209366295, 0.9537917708063494, 0.956041127366701, 0.9619537250241768, 0.961503855520165, 0.9649100279133853, 0.9686375343094754, 0.968701806350355, 0.9738431957509647, 0.9708868980714166, 0.9757712180019957]}